Spec_Num,Isolate_ID,Isolate,Organism,Last_Read_Time,mecA_result,mecA_Repeat
14590,1752,1,S.INT,5/15/2013 10:12,positive,negative
15243,2446,1,S.INT,6/27/2013 9:33,positive,negative
18577,5122,2,S.INT,2/26/2014 12:51,positive,negative
18829,5193,1,S.AUR,3/15/2014 12:54,positive,negative
20281,5805,1,S.INT,6/23/2014 10:32,positive,negative
28917,9048,1,S.INT,1/27/2016 11:28,positive,negative
28929,9050,1,S.INT,1/27/2016 11:29,positive,negative
14808,1980,1,S.INT,5/31/2013 10:02,negative,positive
20034,5718,1,S.INT,6/5/2014 9:36,negative,positive
27889,8655,1,S.INT,11/12/2015 9:43,negative,positive
31022,9733,1,S.INT,6/3/2016 14:03,negative,positive
31062,9743,1,S.INT,6/4/2016 9:23,negative,positive
13736,823,1,S.INT,3/15/2013 10:51,negative,
17115,4442,1,S.INT,10/31/2013 12:24,negative,
17142,4470,1,S.INT,11/2/2013 15:02,negative,
17202,4525,1,S.INT,11/6/2013 11:06,negative,
17201,4524,1,S.INT,11/7/2013 11:29,negative,
18160,4989,1,S.INT,1/24/2014 16:45,negative,
18342,5044,1,S.INT,2/7/2014 14:00,negative,
18634,5135,1,S.INT,2/28/2014 12:31,negative,
20788,5989,1,S.INT,7/25/2014 9:12,negative,
20819,5994,1,S.INT,7/27/2014 12:56,negative,
21077,6101,1,S.INT,8/13/2014 15:41,negative,
21107,6130,1,S.AUR,8/16/2014 10:01,negative,
21125,6128,1,S.INT,8/16/2014 10:09,negative,
21132,6127,1,S.INT,8/16/2014 10:10,negative,
21161,6138,1,S.INT,8/17/2014 7:05,negative,
22166,6616,1,S.INT,10/23/2014 15:56,negative,
22589,6758,1,S.INT,11/20/2014 11:29,negative,
24889,7515,1,S.AUR,5/1/2015 10:36,negative,
25988,7947,3,S.INT,7/23/2015 14:20,negative,
27884,8654,1,S.INT,11/12/2015 9:49,negative,
28925,9049,1,S.INT,1/27/2016 11:31,negative,
28928,9051,1,S.INT,1/27/2016 11:34,negative,
29172,9116,1,S.INT,2/9/2016 5:38,negative,
30877,9693,1,S.INT,5/24/2016 14:44,negative,
16684,3972,1,S.AUR,9/30/2013 3:08,negative,
19075,5299,1,S.AUR,3/31/2014 2:16,negative,
21066,6112,1,S.AUR,8/13/2014 1:40,negative,
21209,6179,1,S.AUR,8/22/2014 1:51,negative,
850N-B MRID,6337,1,S.AUR,5/14/2014 1:53,negative,
618N-B,6364,1,S.AUR,2/16/2015 2:27,negative,
19435,5414,1,S.INT,4/23/2014 4:22,negative,
21969,6518,1,S.INT,10/10/2014 2:18,negative,
22216,6649,1,S.INT,10/27/2014 2:31,negative,
23718,7143,1,S.INT,2/9/2015 3:41,negative,
27655,8548,1,S.INT,10/28/2015 12:50,negative,
27683,8566,1,S.INT,11/2/2015 2:03,negative,
28648,8959,1,S.INT,1/8/2018 1:08,negative,
13581,690,2,S.INT,3/6/2013 12:30,negative,
13614,692,1,S.INT,3/7/2013 4:53,negative,
13624,701,1,S.INT,3/7/2013 4:55,negative,
13626,703,1,S.INT,3/7/2013 4:56,negative,
13631,742,2,S.INT,3/9/2013 5:11,negative,
13708,792,1,S.INT,3/14/2013 10:39,negative,
13699,783,1,S.INT,3/14/2013 10:42,negative,
13786,877,1,S.INT,3/21/2013 11:02,negative,
13811,913,1,S.INT,3/21/2013 11:06,negative,
13878,986,1,S.INT,3/24/2013 16:23,negative,
13942,1059,1,S.INT,3/29/2013 11:23,negative,
14034,1152,1,S.INT,4/5/2013 11:31,negative,
14058,1179,1,S.AUR,4/9/2013 11:41,negative,
14179,1316,1,S.INT,4/18/2013 9:30,negative,
14359,1499,1,S.INT,4/28/2013 14:39,negative,
14371,1511,1,S.INT,4/28/2013 14:42,negative,
14372,1512,1,S.INT,4/28/2013 14:44,negative,
14420,1563,1,S.INT,5/3/2013 11:09,negative,
14477,1627,1,S.AUR,5/9/2013 11:58,negative,
14500,1650,1,S.AUR,5/9/2013 12:01,negative,
14511,1661,1,S.INT,5/10/2013 9:52,negative,
14467,1710,2,S.INT,5/11/2013 7:53,negative,
14593,1755,1,S.INT,5/15/2013 10:10,negative,
14608,1770,1,S.INT,5/16/2013 9:59,negative,
14635,1800,1,S.AUR,5/18/2013 8:50,negative,
14696,1863,1,S.INT,5/23/2013 11:34,negative,
14731,1901,1,S.INT,5/24/2013 12:02,negative,
14779,1949,1,S.INT,5/27/2013 12:43,negative,
14771,1941,1,S.INT,5/28/2013 12:09,negative,
14806,1978,1,S.INT,5/31/2013 9:59,negative,
14844,2017,1,S.INT,6/3/2013 16:21,negative,
14835,2008,1,S.AUR,6/3/2013 16:23,negative,
14849,2021,1,S.INT,6/4/2013 9:32,negative,
14878,2053,1,S.INT,6/6/2013 10:34,negative,
14930,2167,4,S.AUR,6/11/2013 11:40,negative,
14981,2163,1,S.INT,6/11/2013 11:47,negative,
14977,2159,1,S.INT,6/11/2013 11:50,negative,
14960,2168,2,S.INT,6/12/2013 12:23,negative,
14997,2185,1,S.INT,6/13/2013 12:47,negative,
14998,2186,1,S.INT,6/13/2013 12:48,negative,
15010,2198,1,S.INT,6/13/2013 12:52,negative,
15012,2200,1,S.INT,6/14/2013 8:46,negative,
15004,2192,1,S.INT,6/14/2013 8:48,negative,
15035,2223,1,S.INT,6/15/2013 19:22,negative,
15112,2308,1,S.INT,6/19/2013 11:17,negative,
15147,2343,1,S.INT,6/20/2013 11:29,negative,
15138,2368,2,S.INT,6/21/2013 11:40,negative,
15135,2331,1,S.INT,6/22/2013 9:07,negative,
15197,2396,1,S.INT,6/23/2013 9:03,negative,
15190,2389,1,S.INT,6/23/2013 9:06,negative,
15166,2362,1,S.INT,6/23/2013 9:09,negative,
15176,2375,1,S.INT,6/25/2013 9:38,negative,
15252,2455,1,S.INT,6/27/2013 9:35,negative,
15325,2535,1,S.INT,7/3/2013 11:33,negative,
15336,2546,1,S.AUR,7/4/2013 10:39,negative,
15340,2550,1,S.INT,7/5/2013 8:30,negative,
15363,2573,1,S.INT,7/5/2013 8:38,negative,
15357,2567,1,S.INT,7/5/2013 8:39,negative,
15342,2552,1,S.AUR,7/5/2013 8:47,negative,
15354,2564,1,S.INT,7/7/2013 8:36,negative,
15407,2620,1,S.INT,7/10/2013 9:38,negative,
15415,2628,1,S.INT,7/10/2013 9:40,negative,
15434,2648,1,S.INT,7/11/2013 9:45,negative,
15426,2640,1,S.INT,7/11/2013 9:47,negative,
15427,2666,2,S.INT,7/12/2013 10:41,negative,
15439,2654,1,S.INT,7/12/2013 10:44,negative,
15512,2749,2,S.INT,7/18/2013 10:38,negative,
15550,2776,1,S.AUR,7/20/2013 9:40,negative,
15551,2777,1,S.AUR,7/20/2013 9:42,negative,
15529,2755,1,S.INT,7/21/2013 6:07,negative,
15779,3017,1,S.AUR,8/2/2013 12:10,negative,
15780,3018,1,S.INT,8/2/2013 12:13,negative,
15775,3013,1,S.INT,8/2/2013 12:16,negative,
15752,2989,1,S.PSE,8/2/2013 16:05,negative,
15832,3073,1,S.INT,8/4/2013 14:57,negative,
15750,2987,1,S.INT,8/4/2013 15:00,negative,
15892,3136,1,S.INT,8/8/2013 12:35,negative,
15901,3148,1,S.INT,8/9/2013 11:55,negative,
15991,3291,3,S.AUR,8/18/2013 11:10,negative,
16034,3288,1,S.INT,8/18/2013 11:13,negative,
16036,3290,1,S.INT,8/20/2013 10:16,negative,
16048,3309,1,S.INT,8/21/2013 10:13,negative,
16067,3327,1,S.INT,8/22/2013 10:38,negative,
16118,3379,1,S.INT,8/23/2013 12:12,negative,
16154,3417,1,S.INT,8/25/2013 12:16,negative,
16219,3483,1,S.INT,8/29/2013 12:02,negative,
16304,3576,1,S.AUR,9/5/2013 11:43,negative,
16327,3599,1,S.INT,9/6/2013 12:12,negative,
16333,3605,1,S.INT,9/7/2013 11:30,negative,
16387,3663,1,S.INT,9/11/2013 12:45,negative,
16425,3702,1,S.INT,9/13/2013 10:47,negative,
16438,3715,1,S.INT,9/13/2013 16:51,negative,
16520,3803,1,S.INT,9/18/2013 10:51,negative,
16527,3810,1,S.INT,9/18/2013 10:52,negative,
16517,3800,1,S.INT,9/19/2013 12:24,negative,
16532,3816,1,S.INT,9/20/2013 9:57,negative,
16553,3836,1,S.INT,9/20/2013 9:58,negative,
16536,3820,1,S.AUR,9/20/2013 10:00,negative,
16611,3895,1,S.INT,9/22/2013 13:17,negative,
16606,3890,1,S.INT,9/23/2013 9:53,negative,
16666,3948,1,S.AUR,9/26/2013 12:17,negative,
16654,3939,1,S.INT,9/26/2013 12:27,negative,
16700,3991,1,S.AUR,9/29/2013 9:34,negative,
16688,3976,1,S.INT,9/30/2013 15:12,negative,
16738,4032,1,S.INT,10/4/2013 10:01,negative,
16756,4054,1,S.AUR,10/6/2013 16:13,negative,
16751,4095,2,S.INT,10/6/2013 16:19,negative,
16768,4066,1,S.INT,10/6/2013 16:22,negative,
16843,4146,1,S.INT,10/10/2013 9:55,negative,
16828,4131,1,S.INT,10/10/2013 16:52,negative,
16847,4150,1,S.AUR,10/11/2013 11:33,negative,
16824,4127,1,S.AUR,10/11/2013 11:39,negative,
16831,4134,1,S.AUR,10/11/2013 16:34,negative,
16830,4195,2,S.INT,10/12/2013 11:03,negative,
16867,4172,1,S.INT,10/12/2013 11:06,negative,
16878,4185,1,S.INT,10/12/2013 11:07,negative,
16872,4179,1,S.AUR,10/13/2013 9:11,negative,
17022,4342,1,S.INT,10/24/2013 11:25,negative,
17030,4350,1,S.AUR,10/24/2013 11:30,negative,
17046,4366,1,S.INT,10/26/2013 9:50,negative,
17084,4406,1,S.INT,10/29/2013 13:13,negative,
17101,4426,1,S.INT,10/30/2013 9:12,negative,
17110,4437,1,S.AUR,11/1/2013 13:15,negative,
17135,4463,1,S.INT,11/2/2013 14:50,negative,
17167,4498,1,S.AUR,11/2/2013 14:51,negative,
17166,4497,1,S.AUR,11/2/2013 14:57,negative,
17191,4517,1,S.AUR,11/4/2013 17:01,negative,
17197,4516,1,S.INT,11/4/2013 17:02,negative,
17258,4584,1,S.INT,11/10/2013 10:38,negative,
17278,4607,1,S.INT,11/10/2013 10:46,negative,
17299,4634,1,S.AUR,11/16/2013 10:59,negative,
17331,4668,1,S.INT,11/16/2013 11:00,negative,
17359,4696,1,S.INT,11/17/2013 16:46,negative,
17363,4700,1,S.INT,11/17/2013 16:49,negative,
17411,4748,1,S.INT,11/22/2013 12:43,negative,
17422,4759,1,S.INT,11/22/2013 12:48,negative,
17426,4763,1,S.INT,11/23/2013 10:52,negative,
17414,4751,1,S.INT,11/23/2013 10:54,negative,
17450,4783,1,S.INT,11/24/2013 10:45,negative,
17410,4747,1,S.INT,11/24/2013 10:47,negative,
17570,4828,1,S.INT,12/7/2013 14:13,negative,
17595,4836,1,S.INT,12/8/2013 12:13,negative,
17721,4860,1,S.INT,12/18/2013 16:32,negative,
17751,4865,1,S.PSE,12/19/2013 13:39,negative,
17754,4866,1,S.AUR,12/19/2013 13:40,negative,
17767,4873,1,S.INT,12/20/2013 16:22,negative,
17755,4874,1,S.AUR,12/20/2013 16:26,negative,
17817,4883,1,S.AUR,12/23/2013 7:49,negative,
18188,4990,2,S.INT,1/25/2014 12:39,negative,
18329,5034,1,S.INT,2/6/2014 12:43,negative,
18354,5043,1,S.INT,2/8/2014 16:44,negative,
18431,5069,1,S.INT,2/13/2014 11:30,negative,
18456,5074,1,S.INT,2/14/2014 13:26,negative,
18693,5155,1,S.INT,3/6/2014 14:23,negative,
18804,5192,1,S.INT,3/15/2014 12:55,negative,
18841,5199,1,S.INT,3/16/2014 15:37,negative,
18830,5198,1,S.AUR,3/16/2014 15:39,negative,
18865,5231,1,S.AUR,3/20/2014 11:17,negative,
18922,5254,2,S.AUR,3/23/2014 12:38,negative,
18931,5255,2,S.INT,3/23/2014 12:40,negative,
18954,5256,1,S.INT,3/23/2014 12:41,negative,
18957,5265,1,S.INT,3/25/2014 11:55,negative,
18949,5264,1,S.AUR,3/25/2014 11:58,negative,
19003,5274,1,S.INT,3/27/2014 10:26,negative,
19007,5275,1,S.INT,3/27/2014 10:28,negative,
19225,5331,1,S.INT,4/9/2014 11:48,negative,
19226,5335,1,S.INT,4/10/2014 11:25,negative,
19259,5345,1,S.INT,4/11/2014 11:22,negative,
19312,5378,1,S.INT,4/13/2014 8:42,negative,
19290,5379,1,S.INT,4/13/2014 9:10,negative,
19354,5399,1,S.INT,4/18/2014 11:16,negative,
19517,5517,1,S.INT,5/2/2014 11:33,negative,
19614,5523,1,S.INT,5/5/2014 17:26,negative,
19594,5526,1,S.INT,5/5/2014 17:28,negative,
19613,5522,1,S.INT,5/5/2014 17:29,negative,
19610,5533,1,S.INT,5/6/2014 10:43,negative,
19622,5549,1,S.AUR,5/7/2014 15:44,negative,
19657,5553,1,S.INT,5/8/2014 10:32,negative,
19706,5576,1,S.INT,5/11/2014 12:30,negative,
19722,5597,1,S.AUR,5/14/2014 9:39,negative,
19799,5626,1,S.INT,5/19/2014 10:52,negative,
19804,5628,1,S.INT,5/19/2014 10:54,negative,
19796,5625,1,S.INT,5/19/2014 10:57,negative,
19794,5624,1,S.INT,5/19/2014 10:59,negative,
19820,5641,1,S.INT,5/21/2014 11:30,negative,
19838,5640,1,S.INT,5/21/2014 11:37,negative,
19848,5647,1,S.INT,5/22/2014 10:27,negative,
19866,5652,1,S.INT,5/23/2014 11:07,negative,
19852,5653,1,S.INT,5/23/2014 11:09,negative,
19870,5651,1,S.INT,5/23/2014 11:14,negative,
19898,5677,1,S.AUR,5/25/2014 18:06,negative,
19892,5680,1,S.INT,5/27/2014 10:22,negative,
19951,5693,1,S.INT,5/30/2014 12:17,negative,
19949,5691,1,S.INT,5/30/2014 12:20,negative,
19953,5694,1,S.INT,5/30/2014 12:22,negative,
20004,5705,1,S.INT,6/2/2014 16:28,negative,
20020,5712,1,S.AUR,6/4/2014 17:00,negative,
20051,5726,1,S.INT,6/6/2014 15:53,negative,
20090,5738,1,S.INT,6/11/2014 10:24,negative,
20081,5737,1,S.AUR,6/11/2014 10:26,negative,
20119,5739,1,S.INT,6/12/2014 11:23,negative,
20152,5762,3,S.INT,6/16/2014 16:35,negative,
20214,5781,1,S.INT,6/19/2014 12:57,negative,
20260,5790,1,S.INT,6/20/2014 13:46,negative,
20283,5800,1,S.AUR,6/23/2014 10:21,negative,
20331,5821,1,S.AUR,6/25/2014 12:44,negative,
20342,5824,1,S.INT,6/26/2014 12:24,negative,
20344,5825,1,S.INT,6/26/2014 12:26,negative,
20387,5841,1,S.INT,6/28/2014 9:40,negative,
20388,5842,1,S.INT,6/28/2014 9:42,negative,
20357,5852,1,S.INT,6/29/2014 18:43,negative,
20403,5854,1,S.INT,7/1/2014 12:46,negative,
CATHETER119,5856,1,S.AUR,7/2/2014 10:23,negative,
20424,5858,1,S.INT,7/2/2014 10:31,negative,
20447,5863,1,S.INT,7/3/2014 14:33,negative,
20516,5897,1,S.INT,7/9/2014 14:21,negative,
20545,5902,1,S.INT,7/10/2014 15:13,negative,
20576,5912,1,S.INT,7/11/2014 15:12,negative,
20572,5914,1,S.INT,7/11/2014 15:16,negative,
20570,5913,1,S.INT,7/11/2014 15:17,negative,
20610,5930,1,S.INT,7/15/2014 14:57,negative,
20662,5928,1,S.AUR,7/15/2014 15:00,negative,
20674,5953,1,S.INT,7/17/2014 13:24,negative,
20631,5959,1,S.INT,7/18/2014 16:04,negative,
20698,5956,1,S.INT,7/18/2014 16:07,negative,
20712,5983,2,S.INT,7/22/2014 10:52,negative,
20722,5982,3,S.INT,7/22/2014 10:55,negative,
20770,5992,1,S.INT,7/25/2014 9:11,negative,
20789,5993,1,S.AUR,7/27/2014 12:57,negative,
20812,6006,2,S.INT,7/28/2014 12:45,negative,
20878,6014,1,S.INT,7/30/2014 12:45,negative,
20885,6021,1,S.INT,7/31/2014 12:02,negative,
20887,6037,2,S.INT,8/3/2014 12:59,negative,
20949,6045,1,S.INT,8/3/2014 13:06,negative,
20951,6055,2,S.INT,8/6/2014 12:51,negative,
20953,6054,1,S.INT,8/6/2014 12:56,negative,
21010,6085,1,S.INT,8/10/2014 18:24,negative,
21051,6083,2,S.INT,8/10/2014 18:30,negative,
21051,6082,1,S.AUR,8/10/2014 18:32,negative,
21052,6088,1,S.INT,8/11/2014 12:28,negative,
21058,6087,1,S.INT,8/11/2014 12:31,negative,
21085,6110,1,S.INT,8/14/2014 11:21,negative,
21100,6117,1,S.INT,8/15/2014 11:32,negative,
21159,6159,1,S.INT,8/21/2014 13:37,negative,
21205,6161,1,S.INT,8/21/2014 13:38,negative,
21220,6177,1,S.INT,8/22/2014 11:49,negative,
21277,6191,1,S.INT,8/24/2014 12:20,negative,
21333,6208,1,S.INT,8/28/2014 11:47,negative,
21321,6210,1,S.INT,8/28/2014 11:49,negative,
21338,6204,1,S.INT,8/28/2014 11:53,negative,
21341,6209,1,S.INT,8/28/2014 11:57,negative,
21354,6225,1,S.INT,8/29/2014 13:41,negative,
21362,6227,1,S.INT,8/29/2014 13:42,negative,
21349,6222,1,S.INT,8/29/2014 13:44,negative,
21327,6219,2,S.INT,8/29/2014 13:45,negative,
21346,6233,8,S.INT,8/30/2014 9:31,negative,
21402,6257,1,S.INT,9/3/2014 13:43,negative,
21406,6258,1,S.AUR,9/3/2014 13:45,negative,
21423,6261,1,S.INT,9/4/2014 10:16,negative,
21424,6260,1,S.INT,9/4/2014 10:20,negative,
21464,6270,1,S.INT,9/7/2014 8:24,negative,
21474,6275,1,S.INT,9/7/2014 19:20,negative,
21531,6303,1,S.INT,9/12/2014 10:45,negative,
21556,6316,1,S.INT,9/13/2014 11:27,negative,
21559,6320,2,S.INT,9/15/2014 10:56,negative,
21569,6318,1,S.INT,9/15/2014 10:59,negative,
21553,6336,1,S.INT,9/16/2014 11:56,negative,
21610,6375,1,S.INT,9/18/2014 16:22,negative,
21671,6417,1,S.AUR,9/24/2014 11:17,negative,
21730,6424,1,S.INT,9/26/2014 12:03,negative,
21732,6423,1,S.INT,9/26/2014 12:10,negative,
21716,6440,1,S.INT,9/27/2014 10:05,negative,
21768,6448,1,S.INT,9/28/2014 9:11,negative,
21759,6446,1,S.INT,9/28/2014 9:13,negative,
21766,6459,2,S.INT,9/30/2014 11:36,negative,
21801,6473,1,S.INT,10/2/2014 12:19,negative,
21833,6472,1,S.INT,10/2/2014 12:21,negative,
21821,6485,1,S.INT,10/3/2014 12:16,negative,
21823,6483,1,S.INT,10/3/2014 12:19,negative,
21843,6480,1,S.INT,10/3/2014 12:43,negative,
21940,6507,1,S.INT,10/9/2014 9:43,negative,
21939,6508,1,S.INT,10/9/2014 9:50,negative,
21990,6533,1,S.INT,10/12/2014 11:47,negative,
22019,6560,2,S.AUR,10/16/2014 12:44,negative,
22050,6558,1,S.INT,10/16/2014 12:47,negative,
22065,6567,1,S.AUR,10/17/2014 9:35,negative,
22075,6580,1,S.AUR,10/18/2014 11:01,negative,
22109,6588,1,S.INT,10/20/2014 9:40,negative,
22182,6625,1,S.INT,10/24/2014 11:50,negative,
22184,6624,1,S.AUR,10/24/2014 11:52,negative,
22205,6645,1,S.INT,10/26/2014 8:36,negative,
22232,6648,1,S.INT,10/28/2014 12:19,negative,
22271,6663,1,S.AUR,10/30/2014 11:36,negative,
22280,6664,1,S.INT,10/31/2014 11:02,negative,
22281,6665,1,S.INT,10/31/2014 11:03,negative,
22274,6673,2,S.INT,11/1/2014 8:32,negative,
22314,6670,1,S.INT,11/1/2014 8:35,negative,
22330,6681,1,S.INT,11/4/2014 12:53,negative,
22332,6682,1,S.INT,11/4/2014 12:56,negative,
22339,6689,1,S.AUR,11/5/2014 15:20,negative,
22384,6695,1,S.INT,11/6/2014 10:50,negative,
22405,6697,1,S.INT,11/7/2014 11:15,negative,
22490,6719,1,S.INT,11/14/2014 12:50,negative,
22554,6731,1,S.INT,11/17/2014 16:02,negative,
22510,6733,1,S.INT,11/17/2014 16:03,negative,
22553,6732,1,S.INT,11/17/2014 16:09,negative,
22532,6745,1,S.INT,11/19/2014 16:02,negative,
22562,6759,1,S.INT,11/20/2014 11:26,negative,
22595,6757,1,S.INT,11/20/2014 11:28,negative,
22601,6768,1,S.INT,11/21/2014 12:26,negative,
22633,6778,1,S.INT,11/24/2014 10:41,negative,
22638,6779,1,S.INT,11/24/2014 10:43,negative,
22676,6788,1,S.AUR,11/27/2014 9:49,negative,
22718,6802,1,S.INT,12/3/2014 14:56,negative,
22811,6840,1,S.INT,12/10/2014 10:58,negative,
22828,6842,1,S.AUR,12/11/2014 15:25,negative,
22874,6847,1,S.INT,12/12/2014 11:22,negative,
22883,6845,1,S.INT,12/12/2014 11:24,negative,
22889,6860,1,S.INT,12/13/2014 11:48,negative,
22893,6861,1,S.INT,12/13/2014 11:51,negative,
22937,6871,1,S.INT,12/17/2014 12:15,negative,
22948,6876,1,S.INT,12/18/2014 15:18,negative,
22999,6883,1,S.INT,12/19/2014 11:31,negative,
22994,6884,1,S.INT,12/19/2014 11:44,negative,
23170,6949,2,S.INT,1/3/2015 10:45,negative,
23169,6954,3,S.INT,1/4/2015 7:14,negative,
23204,6959,1,S.AUR,1/7/2015 9:33,negative,
23210,6957,1,S.INT,1/7/2015 9:35,negative,
23212,6958,1,S.INT,1/7/2015 9:36,negative,
23197,6963,1,S.INT,1/8/2015 9:50,negative,
23240,6961,1,S.INT,1/8/2015 9:53,negative,
23193,6969,3,S.INT,1/9/2015 14:35,negative,
23254,6977,3,S.INT,1/10/2015 12:58,negative,
23400,7010,1,S.INT,1/18/2015 10:57,negative,
23391,7011,1,S.INT,1/18/2015 11:00,negative,
23407,7017,1,S.INT,1/20/2015 10:58,negative,
23418,7033,1,S.INT,1/23/2015 12:05,negative,
23422,7031,1,S.INT,1/23/2015 12:06,negative,
23470,7045,1,S.AUR,1/25/2015 11:59,negative,
23466,7055,1,S.INT,1/26/2015 11:11,negative,
23526,7068,1,S.INT,1/28/2015 15:10,negative,
23543,7072,1,S.INT,1/29/2015 10:32,negative,
23549,7071,1,S.INT,1/29/2015 10:33,negative,
23579,7083,1,S.INT,1/31/2015 15:28,negative,
23607,7091,1,S.INT,2/1/2015 12:26,negative,
23644,7106,1,S.INT,2/4/2015 15:06,negative,
23616,7108,2,S.INT,2/4/2015 15:09,negative,
23676,7125,1,S.AUR,2/6/2015 9:58,negative,
23704,7123,1,S.INT,2/6/2015 10:00,negative,
23801,7153,1,S.INT,2/12/2015 10:41,negative,
23808,7163,1,S.INT,2/13/2015 16:22,negative,
23810,7164,3,S.INT,2/14/2015 11:10,negative,
23825,7165,1,S.INT,2/14/2015 11:16,negative,
23826,7166,1,S.INT,2/14/2015 11:17,negative,
23830,7175,1,S.INT,2/17/2015 12:22,negative,
23868,7194,2,S.INT,2/19/2015 10:06,negative,
23873,7199,2,S.AUR,2/20/2015 8:01,negative,
23998,7229,1,S.INT,2/28/2015 9:36,negative,
24006,7236,1,S.INT,3/1/2015 15:10,negative,
24035,7247,1,S.INT,3/4/2015 9:01,negative,
24121,7267,2,S.INT,3/9/2015 11:31,negative,
24129,7283,1,S.INT,3/11/2015 11:33,negative,
24137,7284,1,S.INT,3/11/2015 11:35,negative,
24123,7281,1,S.INT,3/11/2015 11:38,negative,
24201,7302,1,S.AUR,3/15/2015 12:16,negative,
24228,7305,1,S.INT,3/15/2015 12:19,negative,
24220,7311,2,S.AUR,3/17/2015 11:33,negative,
24266,7313,1,S.INT,3/18/2015 15:22,negative,
24252,7312,1,S.INT,3/18/2015 15:23,negative,
24279,7320,1,S.INT,3/19/2015 13:59,negative,
24283,7321,1,S.INT,3/19/2015 14:14,negative,
24374,7349,1,S.INT,3/25/2015 8:46,negative,
24386,7350,1,S.INT,3/25/2015 8:49,negative,
DUNCAN - MJ,7356,1,S.INT,3/26/2015 8:05,negative,
24446,7373,1,S.INT,3/29/2015 6:27,negative,
24447,7374,1,S.INT,3/29/2015 6:33,negative,
24461,7388,1,S.INT,4/1/2015 14:37,negative,
24466,7387,1,S.INT,4/1/2015 14:42,negative,
24537,7405,1,S.INT,4/5/2015 14:24,negative,
24550,7412,1,S.INT,4/8/2015 8:41,negative,
24549,7416,1,S.INT,4/9/2015 8:52,negative,
24580,7422,1,S.INT,4/10/2015 14:11,negative,
24627,7439,1,S.INT,4/12/2015 8:28,negative,
24849,7500,1,S.INT,4/29/2015 13:37,negative,
24839,7508,2,S.INT,4/30/2015 15:04,negative,
24839,7507,1,S.AUR,4/30/2015 15:05,negative,
24882,7516,1,S.INT,5/1/2015 10:35,negative,
24909,7523,1,S.INT,5/3/2015 14:03,negative,
25096,7593,1,S.INT,5/18/2015 14:57,negative,
25171,7611,2,S.INT,5/23/2015 11:18,negative,
25206,7617,2,S.INT,5/26/2015 9:08,negative,
25231,7625,1,S.INT,5/28/2015 11:40,negative,
25225,7627,1,S.INT,5/29/2015 14:28,negative,
25252,7637,1,S.INT,5/30/2015 12:30,negative,
25179,7638,3,S.INT,5/30/2015 12:35,negative,
25295,7652,4,S.INT,6/2/2015 11:01,negative,
25362,7669,1,S.INT,6/4/2015 10:17,negative,
25377,7678,1,S.INT,6/5/2015 13:54,negative,
25380,7694,1,S.INT,6/7/2015 6:34,negative,
25403,7701,1,S.AUR,6/9/2015 12:32,negative,
25447,7705,1,S.INT,6/11/2015 10:44,negative,
25450,7704,1,S.INT,6/11/2015 10:45,negative,
25427,7709,1,S.INT,6/11/2015 10:48,negative,
25445,7706,1,S.INT,6/11/2015 10:50,negative,
25464,7714,1,S.INT,6/12/2015 14:36,negative,
25443,7717,1,S.INT,6/12/2015 14:37,negative,
25459,7715,1,S.INT,6/12/2015 14:40,negative,
25475,7722,1,S.INT,6/13/2015 11:14,negative,
25485,7720,1,S.INT,6/13/2015 11:20,negative,
25487,7719,1,S.INT,6/13/2015 11:22,negative,
25502,7737,1,S.INT,6/17/2015 8:55,negative,
25486,7747,1,S.INT,6/18/2015 11:59,negative,
25548,7751,1,S.INT,6/18/2015 12:03,negative,
25557,7746,1,S.INT,6/18/2015 12:05,negative,
25498,7743,1,S.INT,6/18/2015 12:08,negative,
25554,7744,1,S.INT,6/18/2015 12:11,negative,
25550,7760,2,S.INT,6/19/2015 8:35,negative,
25545,7759,1,S.INT,6/19/2015 8:37,negative,
25581,7763,1,S.INT,6/20/2015 8:35,negative,
25590,7764,1,S.INT,6/20/2015 8:36,negative,
25585,7767,1,S.AUR,6/21/2015 6:11,negative,
25602,7774,2,S.INT,6/23/2015 13:32,negative,
25637,7785,1,S.INT,6/25/2015 11:00,negative,
25611,7787,1,S.INT,6/25/2015 11:05,negative,
25658,7792,1,S.INT,6/26/2015 9:06,negative,
25651,7793,1,S.INT,6/26/2015 9:08,negative,
25703,7805,1,S.INT,6/29/2015 11:38,negative,
25803,7857,1,S.INT,7/9/2015 10:48,negative,
25867,7870,1,S.INT,7/13/2015 15:52,negative,
25887,7875,1,S.AUR,7/13/2015 15:55,negative,
25897,7878,1,S.INT,7/13/2015 16:17,negative,
25900,7879,1,S.AUR,7/13/2015 16:19,negative,
25888,7886,1,S.INT,7/14/2015 10:41,negative,
25958,7906,1,S.INT,7/18/2015 11:11,negative,
26021,7914,1,S.INT,7/20/2015 8:11,negative,
26012,7924,1,S.INT,7/21/2015 16:13,negative,
26082,7953,1,S.INT,7/24/2015 12:05,negative,
26116,7967,1,S.INT,7/26/2015 15:40,negative,
26108,7963,1,S.AUR,7/26/2015 15:43,negative,
26166,7979,1,S.INT,7/30/2015 12:55,negative,
26160,7980,1,S.INT,7/30/2015 12:57,negative,
26186,8009,2,S.INT,8/2/2015 7:32,negative,
26225,8011,1,S.INT,8/2/2015 7:33,negative,
26249,8025,1,S.AUR,8/5/2015 11:14,negative,
26251,8024,1,S.AUR,8/5/2015 11:15,negative,
26255,8023,1,S.INT,8/5/2015 11:20,negative,
26258,8029,1,S.INT,8/6/2015 10:08,negative,
26315,8065,1,S.INT,8/11/2015 13:32,negative,
26318,8064,1,S.INT,8/12/2015 15:18,negative,
26359,8067,1,S.INT,8/12/2015 15:27,negative,
26392,8091,1,S.INT,8/14/2015 10:04,negative,
26386,8082,1,S.INT,8/14/2015 10:06,negative,
26403,8094,1,S.INT,8/15/2015 10:32,negative,
26390,8105,2,S.INT,8/16/2015 7:32,negative,
26516,8118,2,S.AUR,8/20/2015 14:53,negative,
26505,8128,1,S.INT,8/21/2015 10:17,negative,
26502,8124,1,S.AUR,8/21/2015 10:20,negative,
26562,8142,1,S.AUR,8/25/2015 14:38,negative,
26675,8187,1,S.INT,8/30/2015 16:36,negative,
26689,8199,1,S.INT,9/2/2015 10:49,negative,
26698,8201,1,S.INT,9/2/2015 10:51,negative,
26714,8205,1,S.INT,9/3/2015 10:08,negative,
26797,8224,1,S.INT,9/8/2015 16:23,negative,
26871,8241,1,S.INT,9/11/2015 12:22,negative,
26883,8256,1,S.INT,9/12/2015 13:14,negative,
26919,8259,1,S.INT,9/13/2015 8:48,negative,
26890,8263,1,S.INT,9/13/2015 8:52,negative,
26933,8280,1,S.INT,9/15/2015 11:20,negative,
26961,8284,1,S.INT,9/16/2015 11:52,negative,
26959,8283,1,S.INT,9/16/2015 11:54,negative,
26954,8290,1,S.INT,9/17/2015 10:03,negative,
26965,8308,1,S.INT,9/19/2015 9:53,negative,
27033,8311,1,S.INT,9/19/2015 9:58,negative,
27131,8347,1,S.INT,9/26/2015 9:36,negative,
27173,8357,1,S.INT,9/30/2015 10:24,negative,
27176,8372,1,S.INT,10/1/2015 10:09,negative,
27192,8370,1,S.INT,10/1/2015 10:12,negative,
27213,8376,1,S.INT,10/2/2015 8:49,negative,
27224,8377,1,S.INT,10/2/2015 8:51,negative,
27247,8383,1,S.INT,10/3/2015 19:38,negative,
27274,8396,1,S.INT,10/5/2015 16:29,negative,
27270,8407,1,S.INT,10/6/2015 12:35,negative,
27347,8425,1,S.INT,10/9/2015 11:24,negative,
27349,8435,1,S.INT,10/11/2015 18:22,negative,
27383,8436,1,S.INT,10/11/2015 18:25,negative,
27393,8444,1,S.INT,10/13/2015 10:43,negative,
27386,8443,1,S.AUR,10/13/2015 10:45,negative,
BRUNO27415,8468,1,S.INT,10/16/2015 12:32,negative,
27429,8472,1,S.INT,10/16/2015 12:37,negative,
ODIE27497,8494,1,S.INT,10/21/2015 9:29,negative,
27541,8497,1,S.INT,10/22/2015 9:58,negative,
27676,8545,1,S.INT,10/29/2015 9:18,negative,
27666,8547,1,S.INT,10/29/2015 9:20,negative,
27662,8571,1,S.INT,11/3/2015 13:16,negative,
27743,8576,1,S.INT,11/3/2015 13:41,negative,
27791,8587,1,S.INT,11/5/2015 10:22,negative,
27789,8589,1,S.INT,11/5/2015 10:26,negative,
COLE27769,8596,1,S.INT,11/5/2015 15:25,negative,
27797,8616,2,S.INT,11/7/2015 8:24,negative,
27795,8617,2,S.INT,11/7/2015 8:25,negative,
27807,8624,1,S.INT,11/8/2015 9:08,negative,
27842,8631,1,S.AUR,11/10/2015 15:37,negative,
27914,8666,1,S.INT,11/13/2015 12:12,negative,
27976,8679,1,S.INT,11/15/2015 17:17,negative,
27983,8693,1,S.INT,11/18/2015 8:20,negative,
27961,8696,5,S.INT,11/18/2015 8:25,negative,
LUNA27958,8712,2,S.INT,11/19/2015 11:46,negative,
28073,8726,1,S.AUR,11/21/2015 9:51,negative,
28094,8745,1,S.INT,11/24/2015 12:09,negative,
COCODAVIS-28094,8754,1,S.INT,11/26/2015 11:30,negative,
28167,8760,1,S.INT,11/28/2015 14:48,negative,
28212,8784,1,S.INT,12/4/2015 10:40,negative,
28243,8791,1,S.AUR,12/5/2015 10:07,negative,
28235,8805,1,S.INT,12/6/2015 11:43,negative,
28266,8797,1,S.INT,12/6/2015 11:44,negative,
28259,8799,1,S.INT,12/6/2015 11:46,negative,
28335,8830,1,S.INT,12/11/2015 11:34,negative,
28313,8844,4,S.INT,12/12/2015 11:49,negative,
28344,8841,1,S.INT,12/12/2015 11:59,negative,
28367,8853,1,S.INT,12/15/2015 12:32,negative,
28473,8886,1,S.INT,12/20/2015 11:27,negative,
28472,8884,1,S.INT,12/20/2015 11:28,negative,
28466,8890,1,S.INT,12/21/2015 14:56,negative,
28478,8894,2,S.INT,12/22/2015 11:10,negative,
28647,8958,1,S.INT,1/8/2016 9:33,negative,
28663,8957,1,S.INT,1/8/2016 9:37,negative,
28716,8967,1,S.INT,1/10/2016 13:11,negative,
28723,8984,3,S.INT,1/12/2016 9:57,negative,
28741,8986,1,S.AUR,1/13/2016 11:32,negative,
28737,8988,1,S.INT,1/13/2016 11:35,negative,
28872,9026,1,S.INT,1/22/2016 11:06,negative,
28869,9025,1,S.INT,1/22/2016 11:08,negative,
28855,9023,1,S.INT,1/22/2016 11:09,negative,
28863,9024,1,S.INT,1/22/2016 11:11,negative,
28877,9027,1,S.INT,1/22/2016 11:14,negative,
28907,9033,1,S.INT,1/25/2016 13:35,negative,
28901,9034,1,S.INT,1/25/2016 13:45,negative,
28894,9035,1,S.INT,1/25/2016 13:47,negative,
28949,9054,1,S.INT,1/28/2016 10:00,negative,
28953,9060,1,S.INT,1/29/2016 6:58,negative,
29171,9117,1,S.INT,2/9/2016 5:41,negative,
HOLLYMULLIS29169,9127,1,S.INT,2/10/2016 8:25,negative,
29183,9128,1,S.INT,2/10/2016 8:32,negative,
29184,9136,1,S.INT,2/11/2016 9:51,negative,
29197,9149,2,S.INT,2/12/2016 11:11,negative,
29247,9160,1,S.INT,2/13/2016 11:36,negative,
29310,9181,1,S.AUR,2/16/2016 13:56,negative,
29287,9178,1,S.AUR,2/16/2016 14:00,negative,
ROXIEHESTER29279,9188,1,S.INT,2/17/2016 16:12,negative,
29337,9190,1,S.INT,2/18/2016 9:54,negative,
29352,9198,1,S.INT,2/19/2016 9:05,negative,
29312,9200,1,S.INT,2/19/2016 9:08,negative,
29363,9215,1,S.INT,2/22/2016 9:28,negative,
29401,9211,1,S.INT,2/22/2016 9:32,negative,
29391,9226,1,S.INT,2/24/2016 10:10,negative,
29435,9232,1,S.INT,2/25/2016 8:52,negative,
29427,9237,2,S.INT,2/26/2016 13:15,negative,
29430,9241,1,S.AUR,2/26/2016 18:24,negative,
29618,9288,1,S.INT,3/6/2016 15:58,negative,
29604,9289,1,S.INT,3/6/2016 15:59,negative,
29620,9287,1,S.INT,3/6/2016 16:06,negative,
29621,9294,1,S.INT,3/8/2016 10:41,negative,
29635,9298,1,S.INT,3/9/2016 8:38,negative,
DIESELEDMONDS29621,9301,1,S.INT,3/9/2016 15:32,negative,
29658,9306,2,S.INT,3/11/2016 10:09,negative,
29658,9305,1,S.INT,3/11/2016 10:11,negative,
29695,9310,1,S.INT,3/12/2016 10:22,negative,
29685,9311,1,S.INT,3/12/2016 10:25,negative,
29711,9323,1,S.AUR,3/14/2016 6:59,negative,
29725,9329,1,S.INT,3/16/2016 9:30,negative,
29731,9334,2,S.AUR,3/17/2016 9:38,negative,
29751,9332,1,S.INT,3/17/2016 9:39,negative,
29754,9333,1,S.AUR,3/17/2016 9:41,negative,
29776,9336,1,S.AUR,3/18/2016 10:03,negative,
29772,9345,1,S.INT,3/19/2016 15:07,negative,
29762,9353,1,S.INT,3/20/2016 16:59,negative,
29784,9352,1,S.INT,3/20/2016 17:06,negative,
29876,9395,2,S.INT,3/28/2016 8:18,negative,
30015,9413,1,S.INT,3/31/2016 10:11,negative,
30275,9441,1,S.INT,4/14/2016 9:53,negative,
30289,9447,1,S.INT,4/15/2016 9:12,negative,
30308,9459,2,S.INT,4/18/2016 7:47,negative,
30324,9464,1,S.AUR,4/19/2016 11:58,negative,
30426,9495,1,S.INT,4/26/2016 16:27,negative,
30451,9511,1,S.INT,4/27/2016 9:12,negative,
30513,9541,1,S.INT,5/1/2016 20:31,negative,
30544,9558,1,S.INT,5/5/2016 13:40,negative,
30545,9557,1,S.INT,5/5/2016 13:42,negative,
30546,9556,1,S.INT,5/5/2016 13:43,negative,
30575,9555,1,S.INT,5/5/2016 13:45,negative,
30620,9584,1,S.INT,5/10/2016 11:37,negative,
30678,9599,1,S.INT,5/12/2016 6:27,negative,
30682,9614,1,S.INT,5/13/2016 10:22,negative,
30724,9608,1,S.INT,5/13/2016 10:25,negative,
30701,9611,1,S.INT,5/13/2016 10:27,negative,
30703,9610,1,S.INT,5/13/2016 10:28,negative,
LIZZYCOZART30665,9619,1,S.INT,5/13/2016 16:37,negative,
30645,9629,2,S.AUR,5/14/2016 10:17,negative,
30711,9628,1,S.INT,5/14/2016 10:22,negative,
30799,9659,1,S.INT,5/18/2016 11:24,negative,
30832,9664,1,S.INT,5/19/2016 13:53,negative,
30837,9670,1,S.INT,5/20/2016 14:43,negative,
30834,9669,1,S.INT,5/20/2016 14:45,negative,
30868,9685,1,S.AUR,5/23/2016 9:38,negative,
30866,9700,2,S.AUR,5/25/2016 12:12,negative,
30949,9708,1,S.INT,5/27/2016 13:11,negative,
30957,9714,1,S.INT,5/28/2016 6:48,negative,
31032,9736,3,S.INT,6/3/2016 13:58,negative,
31068,9742,1,S.INT,6/4/2016 9:25,negative,
31072,9748,1,S.INT,6/5/2016 10:18,negative,
31082,9750,1,S.INT,6/5/2016 10:19,negative,
14721,1889,1,S.INT,5/24/2013 12:01,positive,
17216,4539,1,S.INT,11/6/2013 11:04,positive,
18358,5041,1,S.INT,2/7/2014 14:03,positive,
25845,7868,2,S.INT,7/13/2015 16:05,positive,
28950,9053,1,S.INT,1/28/2016 9:59,positive,
29161,9115,1,S.INT,2/9/2016 5:32,positive,
30896,9696,1,S.INT,5/24/2016 15:06,positive,
247NB,5470,1,S.AUR,4/13/2015 2:11,positive,
850N-B SAID,6339,1,S.AUR,11/16/2015,positive,
26372,8081,2,S.INT,8/14/2015 2:19,positive,
27263,8398,1,S.INT,10/5/2015,positive,
27808,8633,1,S.INT,11/9/2015 1:23,positive,
15740,2977,1,S.INT,7/31/2013 2:06,positive,
18964,5267,1,S.INT,3/24/2014 2:02,positive,
13497,561,1,S.AUR,2/27/2013 10:56,positive,
13498,562,1,S.AUR,2/27/2013 10:58,positive,
13499,575,1,S.INT,2/27/2013 11:00,positive,
14066,1188,1,S.INT,4/7/2013 15:17,positive,
14075,1197,1,S.INT,4/9/2013 12:21,positive,
14099,1225,1,S.INT,4/11/2013 14:06,positive,
14125,1251,1,S.INT,4/13/2013 8:16,positive,
14144,1280,1,S.INT,4/14/2013 9:58,positive,
14164,1300,1,S.INT,4/15/2013 10:17,positive,
14184,1321,1,S.INT,4/18/2013 14:26,positive,
14207,1344,1,S.INT,4/19/2013 11:58,positive,
14704,1871,1,S.INT,5/23/2013 11:36,positive,
15090,2281,1,S.INT,6/19/2013 11:14,positive,
15023,2211,1,S.INT,6/19/2013 11:16,positive,
15165,2361,1,S.INT,6/21/2013 11:35,positive,
15229,2432,1,S.INT,6/26/2013 16:07,positive,
15255,2458,1,S.INT,6/27/2013 9:33,positive,
15235,2438,1,S.INT,6/27/2013 9:38,positive,
15262,2466,1,S.INT,6/28/2013 8:59,positive,
15303,2512,1,S.INT,7/2/2013 8:34,positive,
15309,2519,1,S.INT,7/3/2013 11:35,positive,
15318,2528,1,S.INT,7/3/2013 11:36,positive,
15329,2539,1,S.INT,7/4/2013 10:40,positive,
15368,2578,1,S.INT,7/5/2013 8:44,positive,
15480,2700,1,S.INT,7/14/2013 9:28,positive,
15481,2701,1,S.INT,7/14/2013 9:31,positive,
15509,2733,1,S.INT,7/17/2013 10:24,positive,
15651,2879,1,S.AUR,7/27/2013 9:51,positive,
15655,2883,1,S.INT,7/27/2013 9:55,positive,
15709,2939,1,S.INT,7/30/2013 11:51,positive,
15744,2981,1,S.INT,7/31/2013 16:53,positive,
15746,2983,1,S.INT,7/31/2013 16:56,positive,
15871,3115,1,S.INT,8/8/2013 12:33,positive,
16159,3422,1,S.INT,8/25/2013 12:21,positive,
16315,3587,1,S.INT,9/6/2013 12:15,positive,
16354,3626,1,S.INT,9/10/2013 11:38,positive,
16408,3684,1,S.INT,9/12/2013 10:24,positive,
16546,3829,1,S.INT,9/20/2013 14:16,positive,
16658,3943,1,S.INT,9/26/2013 12:22,positive,
16698,3989,1,S.INT,9/29/2013 9:41,positive,
16746,4041,1,S.INT,10/4/2013 9:59,positive,
16755,4050,1,S.INT,10/4/2013 10:02,positive,
16785,4085,1,S.INT,10/6/2013 16:21,positive,
16791,4091,1,S.INT,10/6/2013 16:24,positive,
16790,4090,1,S.INT,10/6/2013 16:25,positive,
16899,4207,1,S.INT,10/13/2013 9:08,positive,
16942,4251,1,S.INT,10/18/2013 11:59,positive,
17029,4349,1,S.INT,10/24/2013 11:27,positive,
17034,4354,1,S.INT,10/24/2013 11:28,positive,
17041,4361,1,S.INT,10/25/2013 11:40,positive,
17117,4444,1,S.INT,10/31/2013 12:26,positive,
17172,4502,1,S.INT,11/2/2013 14:54,positive,
17251,4575,1,S.INT,11/8/2013 14:11,positive,
17448,4786,3,S.INT,11/26/2013 18:14,positive,
17485,4795,1,S.INT,11/27/2013 14:26,positive,
17551,4818,1,S.INT,12/5/2013 13:14,positive,
17591,4835,1,S.INT,12/8/2013 12:10,positive,
17745,4864,1,S.PSE,12/19/2013 13:37,positive,
18245,5010,1,S.INT,1/31/2014 14:18,positive,
18279,5029,2,S.INT,2/5/2014 14:33,positive,
18297,5027,1,S.INT,2/5/2014 14:36,positive,
18330,5035,1,S.INT,2/6/2014 12:45,positive,
18379,5058,1,S.INT,2/11/2014 14:07,positive,
18448,5073,1,S.INT,2/14/2014 13:27,positive,
18478,5077,1,S.INT,2/16/2014 10:55,positive,
18597,5121,1,S.INT,2/26/2014 12:50,positive,
18666,5145,3,S.INT,3/4/2014 10:54,positive,
18689,5152,1,S.INT,3/5/2014 13:35,positive,
18822,5197,1,S.INT,3/16/2014 15:42,positive,
18857,5211,1,S.INT,3/18/2014 11:56,positive,
18878,5217,1,S.INT,3/19/2014 16:24,positive,
18852,5218,2,S.INT,3/19/2014 16:26,positive,
19037,5295,1,S.INT,4/1/2014 13:48,positive,
19223,5332,1,S.INT,4/9/2014 11:49,positive,
19228,5336,1,S.PSE,4/10/2014 11:22,positive,
19269,5344,1,S.INT,4/11/2014 11:23,positive,
BARKLEY,5400,1,S.INT,4/18/2014 11:15,positive,
19416,5409,1,S.INT,4/23/2014 12:27,positive,
19551,5515,1,S.AUR,5/2/2014 11:42,positive,
19584,5511,1,S.INT,5/2/2014 11:44,positive,
19708,5577,1,S.INT,5/11/2014 12:32,positive,
19793,5623,2,S.INT,5/19/2014 10:48,positive,
19895,5679,1,S.INT,5/25/2014 18:11,positive,
19950,5692,1,S.INT,5/30/2014 12:19,positive,
20030,5714,1,S.INT,6/4/2014 16:57,positive,
20042,5716,1,S.INT,6/5/2014 9:39,positive,
20054,5725,1,S.INT,6/6/2014 15:55,positive,
20126,5740,1,S.INT,6/12/2014 11:26,positive,
20132,5750,1,S.INT,6/13/2014 12:11,positive,
20177,5757,1,S.INT,6/15/2014 14:45,positive,
20250,5780,1,S.INT,6/19/2014 12:47,positive,
20296,5803,1,S.INT,6/23/2014 10:33,positive,
20340,5838,1,S.INT,6/27/2014 10:54,positive,
20402,5850,1,S.INT,6/29/2014 18:40,positive,
20405,5849,1,S.INT,6/29/2014 18:44,positive,
20407,5855,1,S.INT,7/2/2014 10:21,positive,
20461,5890,2,S.INT,7/6/2014 11:27,positive,
20462,5888,3,S.INT,7/6/2014 11:28,positive,
20475,5886,2,S.INT,7/6/2014 11:28,positive,
20515,5898,1,S.INT,7/9/2014 14:15,positive,
20561,5900,1,S.INT,7/10/2014 15:10,positive,
20551,5901,1,S.INT,7/10/2014 15:15,positive,
20579,5911,1,S.INT,7/11/2014 15:19,positive,
20598,5929,1,S.INT,7/15/2014 14:52,positive,
20686,5969,5,S.INT,7/19/2014 12:21,positive,
20879,6020,1,S.INT,7/31/2014 12:00,positive,
20942,6044,1,S.INT,8/3/2014 13:01,positive,
21049,6084,1,S.INT,8/10/2014 18:22,positive,
21103,6118,1,S.INT,8/15/2014 11:23,positive,
21096,6115,1,S.INT,8/15/2014 11:29,positive,
21110,6119,1,S.INT,8/15/2014 11:36,positive,
21165,6139,1,S.INT,8/17/2014 7:03,positive,
21230,6175,1,S.INT,8/22/2014 11:48,positive,
21218,6176,1,S.INT,8/22/2014 11:57,positive,
21240,6189,1,S.INT,8/24/2014 12:22,positive,
21245,6190,1,S.INT,8/24/2014 12:23,positive,
21350,6223,1,S.INT,8/29/2014 13:39,positive,
21339,6230,1,S.AUR,8/29/2014 13:47,positive,
21378,6235,1,S.INT,8/30/2014 9:35,positive,
21395,6248,1,S.INT,8/31/2014 9:28,positive,
21425,6259,1,S.AUR,9/4/2014 10:18,positive,
21453,6271,1,S.INT,9/7/2014 8:22,positive,
21479,6288,1,S.AUR,9/10/2014 11:11,positive,
21503,6287,1,S.INT,9/10/2014 11:13,positive,
21507,6298,1,S.INT,9/11/2014 16:05,positive,
21504,6306,3,S.INT,9/12/2014 10:52,positive,
21540,6301,1,S.INT,9/13/2014 11:48,positive,
21522,6323,2,S.INT,9/15/2014 10:52,positive,
21570,6319,1,S.INT,9/15/2014 10:58,positive,
21650,6399,1,S.INT,9/20/2014 9:48,positive,
21894,6500,1,S.INT,10/5/2014 15:54,positive,
21995,6529,1,S.INT,10/12/2014 11:49,positive,
22073,6566,1,S.INT,10/17/2014 9:35,positive,
22104,6586,1,S.INT,10/20/2014 9:43,positive,
22129,6612,1,S.INT,10/22/2014 16:49,positive,
22165,6615,1,S.INT,10/23/2014 15:58,positive,
22160,6614,1,S.INT,10/23/2014 16:01,positive,
22266,6660,1,S.INT,10/30/2014 11:44,positive,
22263,6662,1,S.INT,10/30/2014 11:49,positive,
22264,6661,1,S.INT,10/30/2014 11:50,positive,
22262,6666,2,S.INT,10/31/2014 11:08,positive,
22282,6679,2,S.INT,11/2/2014 9:07,positive,
22406,6698,1,S.INT,11/7/2014 11:17,positive,
22380,6702,1,S.INT,11/8/2014 14:59,positive,
22496,6720,1,S.INT,11/14/2014 12:49,positive,
22471,6730,2,S.INT,11/17/2014 16:06,positive,
22544,6729,1,S.INT,11/17/2014 16:08,positive,
22719,6807,1,S.INT,12/4/2014 16:03,positive,
22764,6813,1,S.INT,12/5/2014 14:05,positive,
22863,6848,1,S.INT,12/12/2014 11:27,positive,
22882,6846,1,S.INT,12/12/2014 11:30,positive,
22917,6866,1,S.INT,12/14/2014 7:53,positive,
23176,6945,1,S.INT,1/2/2015 11:10,positive,
23263,6978,2,S.INT,1/10/2015 13:02,positive,
23421,7032,1,S.INT,1/23/2015 12:08,positive,
23429,7029,1,S.INT,1/23/2015 12:09,positive,
23523,7070,1,S.INT,1/28/2015 15:06,positive,
23524,7069,1,S.INT,1/28/2015 15:08,positive,
23540,7073,1,S.INT,1/29/2015 10:30,positive,
23615,7086,1,S.INT,2/1/2015 12:24,positive,
23677,7124,3,S.INT,2/6/2015 10:01,positive,
23807,7167,1,S.INT,2/14/2015 11:14,positive,
24014,7235,1,S.INT,3/1/2015 15:11,positive,
24083,7254,1,S.INT,3/6/2015 10:24,positive,
24073,7255,1,S.INT,3/6/2015 10:26,positive,
24054,7257,1,S.INT,3/6/2015 10:29,positive,
24128,7282,1,S.INT,3/11/2015 11:36,positive,
24237,7310,1,S.INT,3/17/2015 11:31,positive,
24331,7340,1,S.INT,3/21/2015 11:36,positive,
24588,7420,1,S.INT,4/10/2015 14:09,positive,
24583,7421,1,S.INT,4/10/2015 14:13,positive,
24663,7452,1,S.INT,4/16/2015 13:56,positive,
24867,7511,1,S.INT,4/30/2015 14:59,positive,
24840,7509,1,S.INT,4/30/2015 15:02,positive,
24901,7520,1,S.INT,5/2/2015 9:10,positive,
24918,7522,1,S.INT,5/4/2015 9:47,positive,
24920,7528,1,S.INT,5/5/2015 14:32,positive,
25248,7626,1,S.INT,5/29/2015 14:26,positive,
25266,7649,3,S.INT,6/1/2015 13:28,positive,
25296,7653,1,S.INT,6/2/2015 11:06,positive,
25401,7695,1,S.INT,6/7/2015 6:31,positive,
25406,7696,1,S.INT,6/7/2015 6:32,positive,
25468,7713,1,S.INT,6/12/2015 14:34,positive,
25458,7716,1,S.INT,6/12/2015 14:39,positive,
25483,7721,1,S.INT,6/13/2015 11:17,positive,
25589,7766,1,S.INT,6/21/2015 6:12,positive,
25604,7777,1,S.INT,6/24/2015 8:57,positive,
25622,7776,1,S.INT,6/24/2015 8:59,positive,
25705,7806,1,S.INT,6/29/2015 11:41,positive,
25959,7907,1,S.INT,7/18/2015 11:09,positive,
25967,7916,1,S.INT,7/20/2015 8:08,positive,
26009,7917,1,S.INT,7/20/2015 8:09,positive,
26042,7943,1,S.INT,7/23/2015 11:30,positive,
26007,7954,1,S.INT,7/24/2015 15:08,positive,
26110,7966,1,S.INT,7/26/2015 15:41,positive,
26130,7977,1,S.PSE,7/29/2015 11:26,positive,
26167,7978,1,S.INT,7/30/2015 12:51,positive,
26274,8028,1,S.INT,8/6/2015 10:10,positive,
26376,8074,1,S.INT,8/13/2015 12:17,positive,
26391,8089,1,S.INT,8/14/2015 5:44,positive,
26397,8092,1,S.INT,8/14/2015 10:03,positive,
26504,8127,1,S.INT,8/21/2015 10:12,positive,
26691,8200,1,S.INT,9/2/2015 10:53,positive,
26823,8235,1,S.INT,9/9/2015 13:25,positive,
26821,8232,1,S.INT,9/9/2015 13:28,positive,
26837,8236,1,S.INT,9/10/2015 11:52,positive,
26875,8240,1,S.INT,9/11/2015 12:17,positive,
26856,8243,1,S.INT,9/11/2015 12:23,positive,
26922,8260,1,S.INT,9/13/2015 8:47,positive,
26987,8295,1,S.INT,9/18/2015 12:30,positive,
26991,8294,1,S.INT,9/18/2015 12:34,positive,
27110,8343,1,S.INT,9/25/2015 10:55,positive,
27188,8386,3,S.INT,10/3/2015 19:32,positive,
27187,8387,1,S.INT,10/3/2015 19:34,positive,
27235,8384,1,S.INT,10/3/2015 19:39,positive,
27253,8382,1,S.INT,10/3/2015 19:44,positive,
27254,8381,1,S.INT,10/3/2015 19:47,positive,
27264,8397,1,S.INT,10/5/2015 16:32,positive,
27334,8433,2,S.INT,10/10/2015 9:49,positive,
27675,8544,1,S.INT,10/29/2015 9:17,positive,
27714,8562,1,S.INT,10/31/2015 9:20,positive,
27693,8563,1,S.INT,10/31/2015 9:28,positive,
27740,8575,1,S.INT,11/3/2015 13:39,positive,
27770,8585,1,S.INT,11/4/2015 12:10,positive,
27790,8588,1,S.INT,11/5/2015 10:23,positive,
27802,8600,1,S.INT,11/6/2015 9:41,positive,
27812,8615,1,S.INT,11/7/2015 8:17,positive,
27822,8614,1,S.INT,11/7/2015 8:19,positive,
27865,8646,1,S.INT,11/11/2015 10:21,positive,
27879,8644,1,S.INT,11/11/2015 10:25,positive,
27850,8649,1,S.INT,11/12/2015 9:41,positive,
27972,8683,1,S.INT,11/17/2015 12:47,positive,
28128,8749,1,S.INT,11/25/2015 10:42,positive,
28207,8765,1,S.INT,12/2/2015 11:23,positive,
28225,8783,1,S.INT,12/4/2015 10:41,positive,
28229,8792,1,S.INT,12/5/2015 10:11,positive,
28327,8832,1,S.INT,12/11/2015 11:39,positive,
28328,8831,1,S.INT,12/11/2015 11:41,positive,
28342,8842,2,S.INT,12/12/2015 12:01,positive,
28432,8891,1,S.INT,12/21/2015 14:55,positive,
28669,8955,1,S.INT,1/8/2016 9:31,positive,
28670,8954,1,S.INT,1/8/2016 9:34,positive,
28664,8956,1,S.INT,1/8/2016 9:36,positive,
28689,8971,2,S.INT,1/10/2016 13:01,positive,
28693,8973,1,S.INT,1/10/2016 13:06,positive,
28738,8987,1,S.INT,1/13/2016 11:34,positive,
29109,9100,1,S.INT,2/5/2016 6:51,positive,
29108,9104,1,S.INT,2/6/2016 9:21,positive,
29239,9144,1,S.INT,2/12/2016 11:14,positive,
29212,9147,1,S.INT,2/12/2016 11:18,positive,
29347,9191,1,S.INT,2/18/2016 9:52,positive,
29341,9199,1,S.INT,2/19/2016 9:07,positive,
29371,9213,1,S.INT,2/22/2016 9:25,positive,
29409,9229,1,S.INT,2/24/2016 10:11,positive,
29430,9245,3,S.INT,2/27/2016 9:18,positive,
29463,9252,1,S.INT,2/28/2016 11:51,positive,
29486,9251,1,S.INT,2/28/2016 11:53,positive,
29570,9281,1,S.INT,3/4/2016 10:03,positive,
29625,9297,1,S.INT,3/9/2016 8:35,positive,
29678,9304,1,S.INT,3/11/2016 10:08,positive,
29747,9339,1,S.INT,3/18/2016 10:01,positive,
29770,9337,1,S.INT,3/18/2016 10:04,positive,
29939,9396,1,S.INT,3/29/2016 15:31,positive,
30019,9412,1,S.INT,3/31/2016 10:02,positive,
30474,9522,1,S.INT,4/29/2016 11:12,positive,
30536,9548,1,S.INT,5/4/2016 9:32,positive,
30588,9568,1,S.INT,5/6/2016 10:17,positive,
30554,9564,1,S.INT,5/6/2016 10:21,positive,
30635,9590,1,S.INT,5/11/2016 9:56,positive,
30679,9598,2,S.INT,5/12/2016 6:25,positive,
30692,9596,1,S.INT,5/12/2016 6:28,positive,
30793,9660,1,S.INT,5/18/2016 11:23,positive,
30811,9656,1,S.INT,5/18/2016 11:28,positive,
30823,9665,1,S.INT,5/19/2016 13:51,positive,
30849,9672,1,S.INT,5/21/2016 9:42,positive,
30935,9705,1,S.INT,5/26/2016 12:05,positive,
30947,9709,1,S.INT,5/27/2016 13:10,positive,
31091,9749,1,S.INT,6/5/2016 10:21,positive,
19449,5451,1,S.AUR,0000-00-00 00:00:00,,
123-NB,5465,1,S.AUR,0000-00-00 00:00:00,,
BUDDY JUEHRS,6070,1,S.AUR,0000-00-00 00:00:00,,
408N-B,6345,1,S.AUR,0000-00-00 00:00:00,,
618H-B,6361,1,S.AUR,0000-00-00 00:00:00,,
21974,6538,3,S.AUR,0000-00-00 00:00:00,,
21484,6289,1,S.INT,0000-00-00 00:00:00,,
829N-B,6362,1,S.INT,0000-00-00 00:00:00,,
22013,6553,1,S.INT,0000-00-00 00:00:00,,
29759,9347,1,S.INT,0000-00-00 00:00:00,,
30691,9643,1,S.INT,0000-00-00 00:00:00,,
16264,3532,1,S.INT,0000-00-00 00:00:00,,
13512,588,1,S.INT,2/27/2013 10:53,,
13513,589,1,S.INT,2/28/2013 12:04,,
13516,592,1,S.AUR,2/28/2013 12:18,,
13613,691,1,S.INT,3/7/2013 4:58,,
13743,833,1,S.INT,3/17/2013 9:25,,
13780,871,1,S.INT,3/17/2013 9:30,,
13781,872,1,S.INT,3/20/2013 10:46,,
13943,1060,1,S.INT,3/29/2013 11:25,,
14367,1507,1,S.INT,4/30/2013 15:39,,
14407,1531,1,S.INT,5/1/2013 11:40,,
14408,1530,1,S.INT,5/1/2013 11:42,,
14424,1567,1,S.INT,5/2/2013 11:11,,
14430,1571,1,S.INT,5/3/2013 14:55,,
14465,1613,1,S.INT,5/5/2013 9:28,,
14470,1618,1,S.INT,5/5/2013 9:30,,
14498,1648,1,S.AUR,5/8/2013 11:13,,
14561,1718,1,S.INT,5/12/2013 9:08,,
14562,1728,2,S.INT,5/14/2013 11:50,,
14606,1768,1,S.AUR,5/16/2013 9:56,,
14660,1827,1,S.INT,5/20/2013 8:18,,
14748,1917,1,S.INT,5/26/2013 11:02,,
14718,1886,1,S.INT,5/26/2013 11:04,,
14767,1937,1,S.INT,5/26/2013 11:06,,
14914,2089,1,S.INT,6/7/2013 11:48,,
14915,2090,1,S.INT,6/7/2013 11:56,,
14900,2075,1,S.INT,6/7/2013 11:57,,
14909,2084,1,S.INT,6/7/2013 12:04,,
14885,2060,1,S.INT,6/7/2013 15:37,,
14902,2077,1,S.INT,6/8/2013 10:37,,
15028,2265,3,S.INT,6/15/2013 19:23,,
15102,2345,2,S.INT,6/20/2013 14:07,,
15298,2506,1,S.INT,6/30/2013 10:20,,
15579,2805,1,S.INT,7/22/2013 15:27,,
15803,3040,1,S.AUR,8/3/2013 12:00,,
15942,3195,1,S.INT,8/14/2013 11:33,,
15948,3201,1,S.INT,8/16/2013 10:10,,
15994,3239,1,S.INT,8/16/2013 10:16,,
15983,3234,1,S.INT,8/16/2013 10:17,,
15976,3227,1,S.INT,8/17/2013 9:56,,
16259,3524,1,S.AUR,8/30/2013 11:38,,
16210,3525,2,S.INT,8/30/2013 11:42,,
16199,3463,1,S.INT,8/30/2013 11:44,,
16275,3543,1,S.INT,8/31/2013 11:10,,
16271,3539,1,S.INT,8/31/2013 11:11,,
16288,3557,1,S.INT,9/1/2013 9:04,,
16265,3560,2,S.INT,9/1/2013 9:10,,
16344,3616,1,S.INT,9/8/2013 10:19,,
16480,3760,1,S.AUR,9/16/2013 9:49,,
16909,4218,1,S.INT,10/17/2013 13:36,,
16984,4307,1,S.INT,10/23/2013 12:57,,
17134,4462,1,S.INT,11/1/2013 13:17,,
17242,4566,1,S.AUR,11/8/2013 14:06,,
17393,4730,1,S.AUR,11/21/2013 11:35,,
17423,4760,1,S.INT,11/22/2013 12:40,,
17804,4879,1,S.INT,12/22/2013 14:56,,
17784,4882,1,S.INT,12/22/2013 14:57,,
17826,4888,1,S.INT,12/25/2013 14:35,,
17835,4899,1,S.INT,12/28/2013 10:43,,
17882,4905,1,S.INT,1/2/2014 18:12,,
17927,4922,1,S.INT,1/9/2014 14:02,,
17987,4939,1,S.INT,1/12/2014 19:11,,
18027,4936,1,S.INT,1/12/2014 19:14,,
18054,4940,1,S.INT,1/14/2014 14:24,,
18018,4941,1,S.INT,1/14/2014 14:26,,
18180,5002,2,S.INT,1/28/2014 11:29,,
18341,5050,1,S.INT,2/8/2014 12:54,,
18341,5053,2,S.INT,2/9/2014 12:19,,
18497,5084,1,S.INT,2/19/2014 12:47,,
18483,5092,3,S.INT,2/20/2014 13:23,,
18531,5098,1,S.INT,2/21/2014 13:21,,
18624,5136,2,S.INT,2/28/2014 12:32,,
18711,5162,1,S.INT,3/7/2014 16:25,,
18755,5174,1,S.AUR,3/9/2014 13:03,,
18766,5178,1,S.INT,3/12/2014 13:05,,
BEAR 117,5216,1,S.INT,3/19/2014 11:07,,
18904,5237,1,S.INT,3/21/2014 12:51,,
18912,5236,1,S.INT,3/21/2014 12:56,,
19019,5286,1,S.AUR,3/29/2014 10:00,,
19105,5305,1,S.INT,4/2/2014 12:05,,
19180,5322,1,S.INT,4/8/2014 12:35,,
19191,5323,1,S.INT,4/8/2014 12:37,,
19189,5324,1,S.INT,4/8/2014 12:38,,
19370,5397,1,S.INT,4/18/2014 11:11,,
19434,5412,1,S.INT,4/24/2014 11:57,,
19485,5461,1,S.INT,4/29/2014 11:20,,
19486,5462,1,S.INT,4/29/2014 11:23,,
19509,5477,1,S.INT,4/30/2014 11:51,,
19612,5534,1,S.INT,5/6/2014 10:44,,
19688,5571,1,S.INT,5/10/2014 16:30,,
19755,5622,1,S.INT,5/19/2014 10:51,,
19868,5667,1,S.INT,5/24/2014 16:15,,
20015,5708,1,S.AUR,6/3/2014 12:46,,
20368,5836,1,S.INT,6/27/2014 10:57,,
DYSON,5920,1,S.INT,7/12/2014 11:27,,
20651,5948,1,S.INT,7/16/2014 16:45,,
20666,5958,1,S.AUR,7/18/2014 16:06,,
20763,5985,1,S.INT,7/23/2014 9:57,,
20801,5990,1,S.INT,7/25/2014 9:09,,
20841,6003,1,S.INT,7/28/2014 12:46,,
GENERALCONGERS,6012,1,S.INT,7/30/2014 12:39,,
FRIEDAGARBER,6011,1,S.INT,7/30/2014 12:41,,
BOSTONLISH,6013,1,S.INT,7/30/2014 12:42,,
20900,6026,1,S.INT,8/1/2014 10:23,,
RUSTYBOUQUIN,6034,1,S.INT,8/1/2014 15:45,,
20937,6035,1,S.INT,8/2/2014 9:33,,
20971,6052,1,S.INT,8/6/2014 12:53,,
20952,6060,1,S.INT,8/7/2014 11:50,,
DIGBYMILEY,6103,1,S.INT,8/13/2014 15:44,,
21112,6120,1,S.INT,8/15/2014 11:25,,
CHANCEWINTERS,6123,1,S.INT,8/15/2014 15:11,,
21154,6147,9,S.INT,8/19/2014 15:14,,
21182,6153,1,S.INT,8/20/2014 11:38,,
21183,6152,1,S.INT,8/20/2014 11:39,,
21195,6151,1,S.INT,8/20/2014 11:41,,
21200,6162,1,S.INT,8/21/2014 13:35,,
DIESELDEBRUHL,6188,1,S.INT,8/23/2014 15:59,,
PEANUTSTAPH,6243,1,S.INT,8/30/2014 15:43,,
21366,6245,1,S.INT,8/31/2014 9:29,,
21404,6246,1,S.INT,8/31/2014 9:43,,
21633,6385,1,S.INT,9/19/2014 11:21,,
21957,6516,1,S.INT,10/10/2014 9:27,,
21960,6523,1,S.INT,10/11/2014 13:25,,
MURPHYTOWNSEND-1,6535,1,S.INT,10/12/2014 11:50,,
21994,6552,1,S.INT,10/15/2014 9:25,,
22020,6551,1,S.AUR,10/15/2014 9:28,,
22024,6550,1,S.INT,10/15/2014 9:29,,
RUSTYBOUQUINSTAPH,6613,1,S.INT,10/22/2014 16:56,,
JAGLEIF,6643,1,S.AUR,10/25/2014 13:07,,
CHARLIESAMS,6640,1,S.INT,10/25/2014 13:10,,
22438,6710,1,S.AUR,11/9/2014 9:17,,
22424,6711,1,S.INT,11/9/2014 9:21,,
22446,6712,1,S.INT,11/11/2014 11:13,,
LACIHUGGINS,6740,1,S.INT,11/18/2014 16:38,,
LADYBUG,6769,1,S.INT,11/21/2014 14:21,,
22688,6793,1,S.INT,11/28/2014 18:13,,
23039,6895,1,S.INT,12/21/2014 17:42,,
23024,6899,1,S.INT,12/21/2014 17:44,,
23047,6903,1,S.INT,12/23/2014 10:36,,
23117,6921,1,S.INT,12/28/2014 16:36,,
23113,6918,1,S.INT,12/28/2014 16:39,,
23097,6919,2,S.INT,12/28/2014 16:41,,
23148,6939,1,S.INT,12/31/2014 12:01,,
ABBYWAKECOUNTY,6950,1,S.INT,1/3/2015 15:54,,
MONTYYEAZEL,7022,1,S.INT,1/21/2015 14:45,,
BONBONMOHAJER,7046,1,S.INT,1/25/2015 11:57,,
PUMAKENNEDY,7116,1,S.INT,2/5/2015 16:56,,
23702,7142,2,S.INT,2/9/2015 15:55,,
23764,7136,1,S.INT,2/9/2015 15:59,,
23657,7138,2,S.INT,2/9/2015 16:03,,
23851,7185,1,S.AUR,2/18/2015 12:55,,
23860,7184,1,S.INT,2/18/2015 13:01,,
24105,7269,1,S.AUR,3/9/2015 11:29,,
24312,7337,1,S.INT,3/20/2015 15:59,,
24315,7338,1,S.INT,3/20/2015 16:02,,
24494,7393,1,S.INT,4/2/2015 14:35,,
24490,7394,1,S.INT,4/2/2015 14:36,,
24482,7396,1,S.INT,4/2/2015 14:38,,
24496,7392,1,S.INT,4/2/2015 14:41,,
24518,7398,1,S.INT,4/3/2015 11:58,,
24558,7413,1,S.INT,4/8/2015 8:34,,
24564,7417,1,S.INT,4/9/2015 8:53,,
24661,7453,1,S.INT,4/17/2015 9:49,,
24702,7465,1,S.INT,4/18/2015 12:34,,
24692,7471,2,S.AUR,4/20/2015 15:12,,
24747,7477,1,S.INT,4/22/2015 6:12,,
24737,7479,2,S.AUR,4/23/2015 7:52,,
24813,7487,1,S.INT,4/26/2015 8:31,,
24816,7488,1,S.INT,4/26/2015 8:34,,
24808,7486,1,S.INT,4/26/2015 8:38,,
BREWSKYBRANN,7512,1,S.INT,4/30/2015 15:18,,
24948,7540,1,S.INT,5/6/2015 13:35,,
24929,7539,1,S.INT,5/6/2015 13:37,,
24941,7548,1,S.INT,5/7/2015 11:01,,
24938,7546,1,S.INT,5/7/2015 11:04,,
24976,7550,1,S.INT,5/7/2015 11:06,,
24981,7555,1,S.INT,5/8/2015 15:03,,
24975,7556,2,S.INT,5/8/2015 15:08,,
25008,7571,1,S.INT,5/12/2015 13:31,,
25011,7576,1,S.INT,5/13/2015 12:35,,
25047,7583,1,S.INT,5/15/2015 11:58,,
25072,7588,1,S.INT,5/16/2015 7:45,,
25066,7587,1,S.INT,5/16/2015 7:51,,
25082,7597,1,S.INT,5/19/2015 6:29,,
25305,7647,1,S.INT,6/1/2015 13:25,,
25330,7663,1,S.INT,6/3/2015 10:41,,
25326,7662,1,S.INT,6/3/2015 10:43,,
25463,7726,1,S.AUR,6/13/2015 14:19,,
25740,7828,1,S.INT,7/2/2015 11:21,,
25760,7833,1,S.INT,7/3/2015 11:03,,
25742,7838,2,S.INT,7/4/2015 9:22,,
25785,7847,1,S.INT,7/5/2015 5:43,,
25769,7848,1,S.INT,7/7/2015 13:28,,
25858,7859,1,S.INT,7/10/2015 13:57,,
25944,7890,1,S.INT,7/16/2015 13:32,,
25932,7920,2,S.INT,7/20/2015 8:13,,
26188,7996,1,S.INT,7/31/2015 12:14,,
26204,8004,1,S.INT,8/1/2015 11:04,,
26229,8019,1,S.INT,8/4/2015 10:17,,
25250,8046,3,S.INT,8/7/2015 11:59,,
26563,8152,2,S.INT,8/26/2015 12:13,,
PEPPERMINTSTAPH,8154,1,S.AUR,8/26/2015 15:50,,
26585,8163,2,S.INT,8/27/2015 15:05,,
26612,8169,2,S.INT,8/28/2015 11:39,,
26627,8167,1,S.INT,8/28/2015 11:42,,
26561,8176,3,S.INT,8/28/2015 15:54,,
SPIRITASSEFA-1,8194,1,S.INT,9/1/2015 15:22,,
ROSIEGLASSER,8210,1,S.INT,9/4/2015 14:57,,
26772,8211,1,S.INT,9/5/2015 9:29,,
26789,8223,1,S.INT,9/6/2015 16:36,,
26801,8233,1,S.AUR,9/9/2015 13:26,,
BOSTONLISH-1,8282,1,S.INT,9/15/2015 14:56,,
26992,8293,1,S.INT,9/18/2015 12:29,,
MOMOWEBBER,8292,1,S.INT,9/18/2015 12:32,,
27041,8318,1,S.INT,9/21/2015 13:31,,
27042,8317,1,S.INT,9/21/2015 13:32,,
27058,8331,1,S.INT,9/23/2015 16:00,,
27062,8330,1,S.INT,9/23/2015 16:01,,
27072,8329,1,S.INT,9/23/2015 16:03,,
27096,8335,1,S.INT,9/24/2015 11:20,,
27118,8341,1,S.INT,9/25/2015 10:50,,
27085,8339,1,S.INT,9/25/2015 10:53,,
27221,8385,1,S.INT,10/3/2015 19:41,,
KEARNIESCULLION,8393,1,S.INT,10/3/2015 19:59,,
27331,8415,1,S.INT,10/8/2015 11:00,,
27317,8416,1,S.INT,10/8/2015 11:05,,
27308,8417,1,S.INT,10/8/2015 11:07,,
27350,8423,1,S.INT,10/9/2015 11:19,,
27353,8422,1,S.INT,10/9/2015 11:21,,
27342,8426,1,S.INT,10/9/2015 11:22,,
VINO48,8460,1,S.INT,10/14/2015 15:40,,
VINO47,8459,1,S.INT,10/14/2015 15:46,,
27538,8498,1,S.INT,10/22/2015 10:01,,
27563,8520,1,S.INT,10/23/2015 10:26,,
27561,8519,1,S.INT,10/23/2015 10:28,,
27536,8514,1,S.AUR,10/23/2015 10:32,,
27622,8537,1,S.INT,10/27/2015 9:28,,
27699,8551,1,S.INT,10/30/2015 9:40,,
27701,8553,1,S.INT,10/30/2015 9:42,,
27689,8552,1,S.INT,10/30/2015 9:43,,
27684,8565,1,S.INT,10/31/2015 9:23,,
27769,8586,1,S.INT,11/4/2015 12:08,,
27773,8602,3,S.INT,11/6/2015 9:46,,
27847,8630,1,S.INT,11/10/2015 15:40,,
27898,8656,1,S.INT,11/12/2015 9:40,,
27921,8665,1,S.INT,11/13/2015 12:10,,
CALLIOPE27874,8668,1,S.INT,11/13/2015 12:17,,
27899,8670,1,S.INT,11/14/2015 12:22,,
CALLIOPE27874-2,8674,1,S.AUR,11/14/2015 14:34,,
27915,8686,1,S.INT,11/17/2015 12:48,,
28060,8717,1,S.INT,11/20/2015 12:19,,
28059,8716,1,S.INT,11/20/2015 12:20,,
SAMMYHANVAN28015,8723,1,S.INT,11/20/2015 14:49,,
28076,8725,1,S.INT,11/21/2015 9:47,,
28149,8757,1,S.INT,11/26/2015 11:27,,
28162,8761,1,S.AUR,11/28/2015 14:45,,
28308,8813,1,S.INT,12/9/2015 9:27,,
28306,8814,1,S.INT,12/9/2015 9:30,,
28301,8815,1,S.INT,12/9/2015 9:31,,
28303,8824,1,S.INT,12/10/2015 11:33,,
28312,8822,1,S.INT,12/10/2015 11:37,,
28321,8833,1,S.INT,12/11/2015 11:31,,
28355,8852,1,S.INT,12/15/2015 12:29,,
28371,8855,1,S.INT,12/15/2015 12:30,,
28382,8858,1,S.INT,12/16/2015 9:58,,
28379,8859,1,S.INT,12/16/2015 10:00,,
28385,8857,1,S.INT,12/16/2015 10:05,,
28403,8865,1,S.INT,12/17/2015 16:24,,
28412,8864,1,S.INT,12/17/2015 16:25,,
28436,8875,1,S.INT,12/18/2015 10:40,,
28532,8905,1,S.INT,12/25/2015 15:28,,
28534,8903,1,S.INT,12/25/2015 15:30,,
28536,8902,1,S.INT,12/25/2015 15:31,,
28525,8913,2,S.INT,12/28/2015 9:14,,
28560,8919,1,S.INT,12/30/2015 9:03,,
28561,8920,1,S.INT,12/30/2015 9:05,,
28589,8927,1,S.INT,1/1/2016 8:23,,
28594,8928,1,S.INT,1/1/2016 8:26,,
28605,8938,1,S.INT,1/2/2016 15:57,,
28578,8936,2,S.INT,1/2/2016 16:01,,
28630,8942,1,S.INT,1/6/2016 8:57,,
28633,8940,1,S.INT,1/6/2016 9:00,,
28637,8939,1,S.INT,1/6/2016 9:01,,
28655,8948,1,S.AUR,1/7/2016 8:46,,
28646,8949,1,S.INT,1/7/2016 8:48,,
28715,8968,1,S.INT,1/10/2016 12:58,,
28779,8992,1,S.INT,1/15/2016 8:52,,
28794,9007,1,S.INT,1/17/2016 7:42,,
28821,9005,1,S.AUR,1/17/2016 7:43,,
28811,9006,1,S.INT,1/17/2016 7:45,,
28827,9010,1,S.AUR,1/19/2016 10:00,,
JAXWEISS28949,9066,1,S.INT,1/29/2016 11:20,,
29040,9081,1,S.AUR,1/31/2016 9:18,,
29031,9082,1,S.INT,1/31/2016 9:23,,
29039,9080,1,S.AUR,1/31/2016 9:30,,
MASONBENTLEY29021,9092,1,S.INT,2/2/2016 11:44,,
29100,9098,1,S.INT,2/4/2016 9:25,,
29215,9137,1,S.INT,2/11/2016 9:53,,
29248,9145,1,S.INT,2/12/2016 11:16,,
29268,9169,2,S.INT,2/15/2016 8:58,,
29527,9269,1,S.INT,3/2/2016 10:45,,
29526,9270,1,S.INT,3/2/2016 10:45,,
29539,9278,1,S.INT,3/3/2016 8:25,,
29731,9328,1,S.INT,3/16/2016 9:29,,
29851,9364,1,S.INT,3/23/2016 8:24,,
29908,9376,1,S.INT,3/25/2016 10:29,,
29986,9425,2,S.INT,4/1/2016 14:26,,
30326,9460,1,S.INT,4/18/2016 7:44,,
30285,9470,3,S.INT,4/20/2016 10:34,,
30364,9471,1,S.INT,4/20/2016 10:36,,
30355,9473,1,S.INT,4/20/2016 10:39,,
30489,9543,1,S.INT,5/3/2016 9:51,,
YURISAMULSKY30476,9546,1,S.INT,5/3/2016 15:31,,
30573,9565,2,S.INT,5/6/2016 10:20,,
JUBALLEWIS30629,9607,2,S.AUR,5/12/2016 15:43,,
30757,9638,1,S.INT,5/15/2016 19:35,,
30760,9652,1,S.AUR,5/17/2016 11:30,,
30764,9653,1,S.INT,5/17/2016 11:51,,
30883,9691,2,S.INT,5/24/2016 14:38,,
30883,9692,1,S.INT,5/24/2016 14:39,,
31004,9725,1,S.INT,6/1/2016 8:22,,
31058,9757,1,S.INT,6/7/2016 11:19,,
